[{"lat":"37.8068296984","long":"127.5247878445","imageIndex":4,"items":[{"name":"강산골","tel":null,"addr":"경기도 가평군 가평읍 달전리 115-1번지 ***연번지,2","indutype":"일반휴게음식-일반한식","category":"restaurant"}]},{"lat":"37.8084340828","long":"127.5246179751","imageIndex":4,"items":[{"name":"닭찬정","tel":null,"addr":"경기도 가평군 가평읍 달전리 91-1번지 1층","indutype":"일반휴게음식-일반한식","category":"restaurant"}]},{"lat":"37.8086413385","long":"127.5248452522","imageIndex":4,"items":[{"name":"금강","tel":null,"addr":"경기도 가평군 가평읍 달전리 95번지","indutype":"일반휴게음식-일반한식","category":"restaurant"}]},{"lat":"37.8103182950","long":"127.5223351063","imageIndex":4,"items":[{"name":"남이섬풍경닭갈비","tel":null,"addr":"경기도 가평군 가평읍 달전리 247-7번지 남이섬풍경닭갈비 가동 1층","indutype":"일반휴게음식-일반한식","category":"restaurant"}]},{"lat":"37.8179896234","long":"127.5241044342","imageIndex":17,"items":[{"name":"(주)코리아세븐가평자라섬점","tel":null,"addr":"경기도 가평군 가평읍 달전리 산7","indutype":"유통업 영리-편 의 점","category":"other"}]},{"lat":"37.8129511354","long":"127.5163031701","imageIndex":17,"items":[{"name":"보람수족관","tel":null,"addr":"경기도 가평군 가평읍 달전리 470-7번지","indutype":"문화.취미-수족관","category":"other"}]},{"lat":"37.8073793284","long":"127.5256059640","imageIndex":0,"items":[{"name":"남이주차장","tel":null,"addr":"경기도 가평군 가평읍 달전리 88-2번지","indutype":"자동차정비 유지-주차장","category":"car"}]},{"lat":"37.8096331944","long":"127.5228461253","imageIndex":5,"items":[{"name":"남이섬앤디209펜션","tel":null,"addr":"경기도 가평군 가평읍 달전리 209-4번지","indutype":"숙박업-여관/기타숙박업","category":"hotel"}]}]