[{"lat":"37.8177914186","long":"127.5147590279","imageIndex":16,"items":[{"name":"스카이 수학교습소","tel":null,"addr":"경기도 가평군 가평읍 대곡리 68-4번지","indutype":"학원-보습학원","category":"study"}]},{"lat":"37.8186747949","long":"127.5140661249","imageIndex":16,"items":[{"name":"가평고등학교","tel":null,"addr":"경기도 가평군 가평읍 대곡리 113번지","indutype":"학원-초중고교육기관","category":"study"}]},{"lat":"37.8287339298","long":"127.5097499074","imageIndex":16,"items":[{"name":"혜성운암태권도장","tel":null,"addr":"경기도 가평군 가평읍 대곡리 285-9","indutype":"학원-예•체능계학원 ","category":"study"}]},{"lat":"37.8232808694","long":"127.5108286422","imageIndex":16,"items":[{"name":"상상국어","tel":null,"addr":"경기도 가평군 가평읍 대곡리 360번지 우림필유아파트 102동 905호","indutype":"학원-기타 교육기관","category":"study"}]},{"lat":"37.8287699586","long":"127.5100339995","imageIndex":16,"items":[{"name":"반석독서실","tel":null,"addr":"경기도 가평군 가평읍 대곡리 285번지 2층","indutype":"학원-독서실","category":"study"}]},{"lat":"37.8284094569","long":"127.5097385012","imageIndex":16,"items":[{"name":"태광해법영어교실","tel":null,"addr":"경기도 가평군 가평읍 대곡리 285-6번지 태광아파트 101동 302호","indutype":"학원-기타 교육기관","category":"study"}]}]