[{"lat":"37.8156190271","long":"127.5163832872","imageIndex":13,"items":[{"name":"힐링헤어숍","tel":null,"addr":"경기도 가평군 가평읍 달전리 382-2번지","indutype":"보건위생-미용원","category":"beauty"}]},{"lat":"37.8115079643","long":"127.5227103728","imageIndex":13,"items":[{"name":"가평대리운전","tel":null,"addr":"경기도 가평군 가평읍 달전리 268-8번지 1층","indutype":"보건위생-기타대인서비스","category":"beauty"}]},{"lat":"37.8155108941","long":"127.5162014799","imageIndex":13,"items":[{"name":"헵시바헤어샵","tel":null,"addr":"경기도 가평군 가평읍 달전리 394-2","indutype":"보건위생-미용원","category":"beauty"}]}]