[{"lat":"37.8068296984","long":"127.5247878445","imageIndex":4,"items":[{"name":"강산골","tel":null,"addr":"경기도 가평군 가평읍 달전리 115-1번지 ***연번지,2","indutype":"일반휴게음식-일반한식","category":"restaurant"}]},{"lat":"37.8084340828","long":"127.5246179751","imageIndex":4,"items":[{"name":"닭찬정","tel":null,"addr":"경기도 가평군 가평읍 달전리 91-1번지 1층","indutype":"일반휴게음식-일반한식","category":"restaurant"}]},{"lat":"37.8086413385","long":"127.5248452522","imageIndex":4,"items":[{"name":"금강","tel":null,"addr":"경기도 가평군 가평읍 달전리 95번지","indutype":"일반휴게음식-일반한식","category":"restaurant"}]},{"lat":"37.8103182950","long":"127.5223351063","imageIndex":4,"items":[{"name":"남이섬풍경닭갈비","tel":null,"addr":"경기도 가평군 가평읍 달전리 247-7번지 남이섬풍경닭갈비 가동 1층","indutype":"일반휴게음식-일반한식","category":"restaurant"}]}]