[{"lat":"37.9045950988","long":"127.4755548401","imageIndex":5,"items":[{"name":"산골이야기","tel":null,"addr":"경기도 가평군 북면 백둔리 163번지","indutype":"숙박업-여관/기타숙박업","category":"hotel"},{"name":"산골이야기2","tel":null,"addr":"경기도 가평군 북면 백둔리 163번지","indutype":"숙박업-여관/기타숙박업","category":"hotel"}]},{"lat":"37.9050640971","long":"127.4771472157","imageIndex":5,"items":[{"name":"푸른계곡","tel":null,"addr":"경기도 가평군 북면 백둔리 165-1","indutype":"숙박업-여관/기타숙박업","category":"hotel"}]},{"lat":"37.8988740211","long":"127.4531039308","imageIndex":5,"items":[{"name":"유앤아이펜션","tel":null,"addr":"경기도 가평군 북면 백둔리 494","indutype":"숙박업-여관/기타숙박업","category":"hotel"}]},{"lat":"37.9069378938","long":"127.4465237704","imageIndex":5,"items":[{"name":"코지테마펜션","tel":null,"addr":"경기도 가평군 북면 백둔리 604","indutype":"숙박업-여관/기타숙박업","category":"hotel"}]},{"lat":"37.9047505102","long":"127.4530547010","imageIndex":5,"items":[{"name":"휴블레스","tel":null,"addr":"경기도 가평군 북면 백둔리 434번지","indutype":"숙박업-여관/기타숙박업","category":"hotel"}]},{"lat":"37.9046156606","long":"127.4539306732","imageIndex":5,"items":[{"name":"콩깍지","tel":null,"addr":"경기도 가평군 북면 백둔리 455-16번지","indutype":"숙박업-여관/기타숙박업","category":"hotel"}]},{"lat":"37.9047307796","long":"127.4489596534","imageIndex":5,"items":[{"name":"가르텐하임","tel":null,"addr":"경기도 가평군 북면 백둔리 579-9번지","indutype":"숙박업-여관/기타숙박업","category":"hotel"}]},{"lat":"37.8971256216","long":"127.4932211290","imageIndex":5,"items":[{"name":"백낙제","tel":null,"addr":"경기도 가평군 북면 백둔리 47-3번지","indutype":"숙박업-여관/기타숙박업","category":"hotel"}]},{"lat":"37.8968547382","long":"127.4872839488","imageIndex":5,"items":[{"name":"펜션곰","tel":null,"addr":"경기도 가평군 북면 백둔리 88-4번지","indutype":"숙박업-여관/기타숙박업","category":"hotel"}]},{"lat":"37.8976300552","long":"127.4892287823","imageIndex":5,"items":[{"name":"달빛풍경","tel":null,"addr":"경기도 가평군 북면 백둔리 92-3번지","indutype":"숙박업-여관/기타숙박업","category":"hotel"}]},{"lat":"37.9030117783","long":"127.4550691634","imageIndex":5,"items":[{"name":"가평별장펜션","tel":null,"addr":"경기도 가평군 북면 백둔리 481번지","indutype":"숙박업-여관/기타숙박업","category":"hotel"}]},{"lat":"37.9050211449","long":"127.4536687906","imageIndex":5,"items":[{"name":"끌레르펜션","tel":null,"addr":"경기도 가평군 북면 백둔리 455-15번지","indutype":"숙박업-여관/기타숙박업","category":"hotel"}]},{"lat":"37.9025229931","long":"127.4803329534","imageIndex":5,"items":[{"name":"유스토리청소년수련원","tel":null,"addr":"경기도 가평군 북면 백둔리 110-2번지","indutype":"숙박업-여관/기타숙박업","category":"hotel"}]},{"lat":"37.9026616703","long":"127.4589027003","imageIndex":5,"items":[{"name":"로망스펜션","tel":null,"addr":"경기도 가평군 북면 백둔리 362-2번지","indutype":"숙박업-여관/기타숙박업","category":"hotel"}]},{"lat":"37.9021912977","long":"127.4543075522","imageIndex":5,"items":[{"name":"별을헤는마을","tel":null,"addr":"경기도 가평군 북면 백둔리 482-11번지","indutype":"숙박업-여관/기타숙박업","category":"hotel"}]},{"lat":"37.9154606181","long":"127.4390999150","imageIndex":5,"items":[{"name":"가평전원별장펜션","tel":null,"addr":"경기도 가평군 북면 백둔리 709-5번지","indutype":"숙박업-여관/기타숙박업","category":"hotel"}]},{"lat":"37.8959622722","long":"127.4857713844","imageIndex":5,"items":[{"name":"루안펜션","tel":null,"addr":"경기도 가평군 북면 백둔리 88-10번지","indutype":"숙박업-여관/기타숙박업","category":"hotel"}]},{"lat":"37.9040045744","long":"127.4587882030","imageIndex":5,"items":[{"name":"오세르","tel":null,"addr":"경기도 가평군 북면 백둔리 393-1","indutype":"숙박업-여관/기타숙박업","category":"hotel"}]}]