[{"lat":"37.7502701687","long":"127.5309214687","imageIndex":7,"items":[{"name":"클럽보드","tel":null,"addr":"경기도 가평군 가평읍 금대리 510번지 외10필지","indutype":"음료식품-기타음료식품","category":"food"}]},{"lat":"37.7591088402","long":"127.5417898078","imageIndex":7,"items":[{"name":"남이섬수상레저리조트 주식회사","tel":null,"addr":"경기도 가평군 가평읍 금대리 55-147번지","indutype":"음료식품-기타음료식품","category":"food"}]}]