[{"lat":"37.8305905907","long":"127.5103410681","imageIndex":16,"items":[{"name":"PIS학원","tel":null,"addr":"경기도 가평군 가평읍 읍내리 495-30번지 4층","indutype":"회원제형태-학원","category":"study"}]},{"lat":"37.8281479041","long":"127.5116247916","imageIndex":16,"items":[{"name":"튼튼체육관","tel":null,"addr":"경기도 가평군 가평읍 읍내리 329-21번지","indutype":"학원-예•체능계학원 ","category":"study"}]},{"lat":"37.8323932859","long":"127.5095912922","imageIndex":16,"items":[{"name":"장은영음악학원","tel":null,"addr":"경기도 가평군 가평읍 읍내리 609","indutype":"학원-예•체능계학원 ","category":"study"}]}]