[{"lat":"37.8044521025","long":"127.4869817348","imageIndex":0,"items":[{"name":"제일부품","tel":null,"addr":"경기도 가평군 가평읍 상색리 171-14번지","indutype":"자동차정비 유지-자동차부품","category":"car"}]},{"lat":"37.8051991566","long":"127.4796317584","imageIndex":4,"items":[{"name":"태뿌리","tel":null,"addr":"경기도 가평군 가평읍 상색리 203-1번지","indutype":"일반휴게음식-일반한식","category":"restaurant"}]},{"lat":"37.7992691001","long":"127.4836885413","imageIndex":7,"items":[{"name":"농업회사법인참사람들주식회사","tel":null,"addr":"경기도 가평군 가평읍 상색리 32-4번지","indutype":"음료식품-농•축•수산품","category":"food"}]},{"lat":"37.7982584127","long":"127.4765327060","imageIndex":17,"items":[{"name":"동신종합목재@오컴즈","tel":null,"addr":"경기도 가평군 가평읍 상색리 442-1번지","indutype":"건축자재-목재•석재•철물","category":"other"}]}]