[{"lat":"37.9039762565","long":"127.4552847029","imageIndex":17,"items":[{"name":"명지산장","tel":null,"addr":"경기도 가평군 북면 백둔리 460번지 외1필지","indutype":"신변잡화-기타잡화","category":"other"}]},{"lat":"37.8963752899","long":"127.4480668867","imageIndex":17,"items":[{"name":"대원상사","tel":null,"addr":"경기도 가평군 북면 백둔리 525번지","indutype":"회원제형태-기타4","category":"other"}]},{"lat":"37.9067793262","long":"127.4487513049","imageIndex":17,"items":[{"name":"명지사","tel":null,"addr":"경기도 가평군 북면 백둔리 593-2","indutype":"레져용품-스포츠•레져용품","category":"other"}]}]