[{"lat":"37.8984327022","long":"127.5013649355","imageIndex":5,"items":[{"name":"늘 솔길 펜션","tel":null,"addr":"경기도 가평군 북면 제령리 647-1번지","indutype":"숙박업-여관/기타숙박업","category":"hotel"}]},{"lat":"37.8970987282","long":"127.5034122297","imageIndex":5,"items":[{"name":"아일랜드코쿤","tel":null,"addr":"경기도 가평군 북면 제령리 656번지","indutype":"숙박업-여관/기타숙박업","category":"hotel"}]},{"lat":"37.8874662132","long":"127.5394512742","imageIndex":5,"items":[{"name":"구름계곡민박","tel":null,"addr":"경기도 가평군 북면 제령리 219-4","indutype":"숙박업-여관/기타숙박업","category":"hotel"}]},{"lat":"37.8961646072","long":"127.5370332863","imageIndex":5,"items":[{"name":"놀이터가자펜션","tel":null,"addr":"경기도 가평군 북면 제령리 108-12번지 1층","indutype":"숙박업-여관/기타숙박업","category":"hotel"}]},{"lat":"37.8957016116","long":"127.5057779112","imageIndex":4,"items":[{"name":"구나무촌","tel":null,"addr":"경기도 가평군 북면 제령리 615-10","indutype":"일반휴게음식-일반한식","category":"restaurant"},{"name":"박은자 맛사랑 가평점","tel":null,"addr":"경기도 가평군 북면 제령리 615-10번지","indutype":"일반휴게음식-일반한식","category":"restaurant"}]},{"lat":"37.8970532936","long":"127.5099295220","imageIndex":4,"items":[{"name":"가평펜션","tel":null,"addr":"경기도 가평군 북면 제령리 622-10번지","indutype":"일반휴게음식-일반한식","category":"restaurant"}]},{"lat":"37.9011982269","long":"127.5187340381","imageIndex":4,"items":[{"name":"명지반점","tel":null,"addr":"경기도 가평군 북면 제령리 569-10번지","indutype":"일반휴게음식-중국식","category":"restaurant"}]},{"lat":"37.8961222939","long":"127.5268991710","imageIndex":7,"items":[{"name":"오하브베이커리/(주)혜성","tel":null,"addr":"경기도 가평군 북면 제령리 533-1번지 1층","indutype":"음료식품-제과점","category":"food"}]},{"lat":"37.8980783941","long":"127.5257055977","imageIndex":7,"items":[{"name":"애플농원","tel":null,"addr":"경기도 가평군 북면 제령리 517번지","indutype":"음료식품-농•축•수산품","category":"food"}]},{"lat":"37.8946224298","long":"127.5399214111","imageIndex":17,"items":[{"name":"가평월드레져","tel":null,"addr":"경기도 가평군 북면 제령리 145번지","indutype":"레져용품-스포츠•레져용품","category":"other"}]},{"lat":"37.9011441158","long":"127.5189387675","imageIndex":13,"items":[{"name":"리버사이드노래연습장","tel":null,"addr":"경기도 가평군 북면 제령리 569-10번지 2층","indutype":"레저업소-노 래 방","category":"leisure"}]}]