[{"lat":"37.8110684737","long":"127.4971939178","imageIndex":17,"items":[{"name":"화이트판넬","tel":null,"addr":"경기도 가평군 가평읍 하색리 261-1번지","indutype":"건축자재-기타건축자재","category":"other"},{"name":"화이트산업","tel":null,"addr":"경기도 가평군 가평읍 하색리 261-1","indutype":"건축자재-기타건축자재","category":"other"}]},{"lat":"37.8097703915","long":"127.4928655841","imageIndex":17,"items":[{"name":"아일랜드투어","tel":null,"addr":"경기도 가평군 가평읍 하색리 431-1","indutype":"여행-렌터카","category":"other"}]}]