[{"lat":"37.9875904606","long":"127.4372296571","imageIndex":4,"items":[{"name":"젤라캠프","tel":null,"addr":"경기도 가평군 북면 적목리 509","indutype":"일반휴게음식-일반한식","category":"restaurant"}]},{"lat":"37.9868512005","long":"127.4368544884","imageIndex":5,"items":[{"name":"오드래산방","tel":null,"addr":"경기도 가평군 북면 적목리 512번지","indutype":"숙박업-여관/기타숙박업","category":"hotel"}]},{"lat":"37.9688994925","long":"127.4119935124","imageIndex":5,"items":[{"name":"신비","tel":null,"addr":"경기도 가평군 북면 적목리 321","indutype":"숙박업-여관/기타숙박업","category":"hotel"}]},{"lat":"37.9693940615","long":"127.4104786991","imageIndex":5,"items":[{"name":"텔렘","tel":null,"addr":"경기도 가평군 북면 적목리 316번지 A,A-1,B,C,C-1,D동 1,2층","indutype":"숙박업-여관/기타숙박업","category":"hotel"}]},{"lat":"37.9896486080","long":"127.4435483912","imageIndex":5,"items":[{"name":"조무락하우스","tel":null,"addr":"경기도 가평군 북면 적목리 489-5번지","indutype":"숙박업-여관/기타숙박업","category":"hotel"}]},{"lat":"37.9772927584","long":"127.4453910598","imageIndex":7,"items":[{"name":"주식회사가리미","tel":null,"addr":"경기도 가평군 북면 적목리 108","indutype":"음료식품-농•축•수산품","category":"food"}]}]