[{"lat":"37.8279312496","long":"127.5146587770","imageIndex":17,"items":[{"name":"옷 싸롱","tel":null,"addr":"경기도 가평군 가평읍 읍내리 475-20번지","indutype":"의류-정장","category":"other"}]},{"lat":"37.8338173901","long":"127.5092732769","imageIndex":17,"items":[{"name":"GS25가평중앙점","tel":null,"addr":"경기도 가평군 가평읍 읍내리 637-6번지 준수빌딩 105호","indutype":"유통업 영리-편 의 점","category":"other"}]},{"lat":"37.8364043709","long":"127.5061255877","imageIndex":17,"items":[{"name":"세븐일레븐가평남이옥점","tel":null,"addr":"경기도 가평군 가평읍 읍내리 786-2번지","indutype":"유통업 영리-편 의 점","category":"other"}]},{"lat":"37.8304010243","long":"127.5132387972","imageIndex":17,"items":[{"name":"가평축협읍내지점","tel":null,"addr":"경기도 가평군 가평읍 읍내리 468-8번지 유진빌딩","indutype":"유통업 비영리-농,축협 직영매장","category":"other"}]},{"lat":"37.8299502903","long":"127.5138978100","imageIndex":17,"items":[{"name":"올포유가평점","tel":null,"addr":"경기도 가평군 가평읍 읍내리 473-16번지","indutype":"레져용품-스포츠•레져용품","category":"other"}]},{"lat":"37.8287892676","long":"127.5144119280","imageIndex":17,"items":[{"name":"쌍가마상회","tel":null,"addr":"경기도 가평군 가평읍 읍내리 475-45","indutype":"의류-정장","category":"other"}]},{"lat":"37.8294458785","long":"127.5107954523","imageIndex":17,"items":[{"name":"세이퍼A/S센타","tel":null,"addr":"경기도 가평군 가평읍 읍내리 487-1번지","indutype":"수리서비스-사무•통신기기수리","category":"other"}]},{"lat":"37.8284631855","long":"127.5133179951","imageIndex":17,"items":[{"name":"중소기업가구전시장","tel":null,"addr":"경기도 가평군 가평읍 읍내리 338-2번지","indutype":"가구-일반가구","category":"other"}]},{"lat":"37.8262547022","long":"127.5154311369","imageIndex":17,"items":[{"name":"형제철물건재","tel":null,"addr":"경기도 가평군 가평읍 읍내리 362-6번지","indutype":"기타-기계공구","category":"other"}]},{"lat":"37.8310500121","long":"127.5128752700","imageIndex":17,"items":[{"name":"정인당","tel":null,"addr":"경기도 가평군 가평읍 읍내리 448-1","indutype":"기타-기계공구","category":"other"}]},{"lat":"37.8301755855","long":"127.5141819450","imageIndex":17,"items":[{"name":"가평군농협하나로마트","tel":null,"addr":"경기도 가평군 가평읍 읍내리 472번지","indutype":"유통업 비영리-농,축협 직영매장","category":"other"}]},{"lat":"37.8277870291","long":"127.5147382919","imageIndex":17,"items":[{"name":"가평17분칼라","tel":null,"addr":"경기도 가평군 가평읍 읍내리 475-34","indutype":"광학제품-사진관","category":"other"}]},{"lat":"37.8302300162","long":"127.5108751126","imageIndex":17,"items":[{"name":"수컴퓨터","tel":null,"addr":"경기도 가평군 가평읍 읍내리 493-8번지","indutype":"수리서비스-사무•통신기기수리","category":"other"}]},{"lat":"37.8361518189","long":"127.5089894534","imageIndex":17,"items":[{"name":"하우디몬","tel":null,"addr":"경기도 가평군 가평읍 읍내리 738-2","indutype":"직물-침구•수예점","category":"other"}]},{"lat":"37.8293827525","long":"127.5111590781","imageIndex":17,"items":[{"name":"성산전력공사","tel":null,"addr":"경기도 가평군 가평읍 읍내리 488-6번지","indutype":"용역 서비스-기타용역서비스","category":"other"}]},{"lat":"37.8273634594","long":"127.5143404928","imageIndex":17,"items":[{"name":"간지","tel":null,"addr":"경기도 가평군 가평읍 읍내리 349-14","indutype":"의류-정장","category":"other"}]},{"lat":"37.8265431428","long":"127.5152834759","imageIndex":17,"items":[{"name":"씽씽낚시","tel":null,"addr":"경기도 가평군 가평읍 읍내리 362-2","indutype":"레져용품-스포츠•레져용품","category":"other"}]},{"lat":"37.8311397974","long":"127.5157276146","imageIndex":17,"items":[{"name":"가명 에어컨","tel":null,"addr":"경기도 가평군 가평읍 읍내리 416-2번지","indutype":"전기제품-냉열기기","category":"other"}]},{"lat":"37.8318161589","long":"127.5126140320","imageIndex":17,"items":[{"name":"형제자전거","tel":null,"addr":"경기도 가평군 가평읍 읍내리 443-15","indutype":"레져용품-스포츠•레져용품","category":"other"}]},{"lat":"37.8297882363","long":"127.5122500498","imageIndex":17,"items":[{"name":"코콜가평점","tel":null,"addr":"경기도 가평군 가평읍 읍내리 461-20번지 1/4","indutype":"사무통신-컴퓨터","category":"other"}]},{"lat":"37.8308066406","long":"127.5130229573","imageIndex":17,"items":[{"name":"다다스튜디오","tel":null,"addr":"경기도 가평군 가평읍 읍내리 467-1번지","indutype":"광학제품-사진관","category":"other"}]},{"lat":"37.8304643975","long":"127.5104433243","imageIndex":17,"items":[{"name":"정풍건축사사무소","tel":null,"addr":"경기도 가평군 가평읍 읍내리 495-31","indutype":"용역 서비스-법률회계서비스(개인)","category":"other"}]},{"lat":"37.8334298253","long":"127.5092618642","imageIndex":17,"items":[{"name":"유명서적","tel":null,"addr":"경기도 가평군 가평읍 읍내리 615-9","indutype":"서적문구-일반서적","category":"other"}]},{"lat":"37.8333304932","long":"127.5113983208","imageIndex":17,"items":[{"name":"권칠남법무사&공인중개사사무소","tel":null,"addr":"경기도 가평군 가평읍 읍내리 625-1","indutype":"용역 서비스-법률회계서비스(개인)","category":"other"}]},{"lat":"37.8354666633","long":"127.5108417878","imageIndex":17,"items":[{"name":"믿음공업사","tel":null,"addr":"경기도 가평군 가평읍 읍내리 684-2번지","indutype":"건축자재-건축용 요업제품","category":"other"}]}]