[{"lat":"37.9173239729","long":"127.4958701417","imageIndex":7,"items":[{"name":"미리내 매점","tel":null,"addr":"경기도 가평군 북면 도대리 67-3번지","indutype":"음료식품-기타음료식품","category":"food"}]},{"lat":"37.9358452913","long":"127.4892004482","imageIndex":7,"items":[{"name":"예스25","tel":null,"addr":"경기도 가평군 북면 도대리 240-13번지","indutype":"음료식품-정육점","category":"food"}]},{"lat":"37.9355569506","long":"127.4900539842","imageIndex":7,"items":[{"name":"인천하우스","tel":null,"addr":"경기도 가평군 북면 도대리 234-8번지","indutype":"음료식품-기타음료식품","category":"food"}]},{"lat":"37.9418296512","long":"127.4865933500","imageIndex":7,"items":[{"name":"67빌리지","tel":null,"addr":"경기도 가평군 북면 도대리 284-16번지","indutype":"음료식품-농•축•수산품","category":"food"}]}]