[{"lat":"37.8848306695","long":"127.5493322278","imageIndex":17,"items":[{"name":"무공산업","tel":null,"addr":"경기도 가평군 북면 목동리 824-1번지","indutype":"전기제품-냉열기기","category":"other"}]},{"lat":"37.8856868971","long":"127.5493669158","imageIndex":17,"items":[{"name":"씨유가평북면점","tel":null,"addr":"경기도 가평군 북면 목동리 840-1번지 1층","indutype":"유통업 영리-편 의 점","category":"other"}]},{"lat":"37.8862455208","long":"127.5498108093","imageIndex":17,"items":[{"name":"북면철물건재","tel":null,"addr":"경기도 가평군 북면 목동리 887-4번지","indutype":"건축자재-목재•석재•철물","category":"other"}]}]