[{"lat":"37.7671401430","long":"127.5403977774","imageIndex":13,"items":[{"name":"M3수상레져","tel":null,"addr":"경기도 가평군 가평읍 금대리 267-4번지","indutype":"레저업소-기타레져업소","category":"leisure"}]},{"lat":"37.7470176837","long":"127.5254375895","imageIndex":13,"items":[{"name":"무한도전 레저클럽","tel":null,"addr":"경기도 가평군 가평읍 금대리 583-1번지","indutype":"레저업소-기타레져업소","category":"leisure"}]},{"lat":"37.7698717266","long":"127.5387074463","imageIndex":17,"items":[{"name":"클럽아이","tel":null,"addr":"경기도 가평군 가평읍 금대리 285-5번지","indutype":"용역 서비스-부동산 중개•임대","category":"other"}]},{"lat":"37.7722790897","long":"127.5361084416","imageIndex":17,"items":[{"name":"아이템수상레저","tel":null,"addr":"경기도 가평군 가평읍 금대리 303-2번지 아이템수상레저","indutype":"레져용품-스포츠•레져용품","category":"other"}]},{"lat":"37.7525046084","long":"127.5340214462","imageIndex":17,"items":[{"name":"개판살판","tel":null,"addr":"경기도 가평군 가평읍 금대리 76-8번지","indutype":"문화.취미-애완동물","category":"other"}]},{"lat":"37.7579117620","long":"127.5367258529","imageIndex":17,"items":[{"name":"드라마인","tel":null,"addr":"경기도 가평군 가평읍 금대리 156-1번지","indutype":"유통업 영리-편 의 점","category":"other"}]},{"lat":"37.7738928369","long":"127.5348601663","imageIndex":4,"items":[{"name":"칠구(79)닭갈비","tel":null,"addr":"경기도 가평군 가평읍 금대리 305-2번지 1층","indutype":"일반휴게음식-일반한식","category":"restaurant"}]},{"lat":"37.7484049484","long":"127.5288320723","imageIndex":4,"items":[{"name":"더베이","tel":null,"addr":"경기도 가평군 가평읍 금대리 556-2번지","indutype":"일반휴게음식-서양음식","category":"restaurant"}]},{"lat":"37.7502701687","long":"127.5309214687","imageIndex":7,"items":[{"name":"클럽보드","tel":null,"addr":"경기도 가평군 가평읍 금대리 510번지 외10필지","indutype":"음료식품-기타음료식품","category":"food"}]},{"lat":"37.7591088402","long":"127.5417898078","imageIndex":7,"items":[{"name":"남이섬수상레저리조트 주식회사","tel":null,"addr":"경기도 가평군 가평읍 금대리 55-147번지","indutype":"음료식품-기타음료식품","category":"food"}]},{"lat":"37.7582798551","long":"127.5411195318","imageIndex":5,"items":[{"name":"블루스카이민박","tel":null,"addr":"경기도 가평군 가평읍 금대리 55-19번지","indutype":"숙박업-여관/기타숙박업","category":"hotel"}]},{"lat":"37.7604250956","long":"127.5408823056","imageIndex":5,"items":[{"name":"NJ레저","tel":null,"addr":"경기도 가평군 가평읍 금대리 49-14번지","indutype":"숙박업-여관/기타숙박업","category":"hotel"}]}]