[{"lat":"37.8325371262","long":"127.5133869118","imageIndex":7,"items":[{"name":"주공마트","tel":null,"addr":"경기도 가평군 가평읍 읍내리 270-2번지 가평읍내주공아파트 상가동 1층 103호","indutype":"유통업 영리-슈퍼마켓","category":"mart"}]},{"lat":"37.8297343100","long":"127.5106818579","imageIndex":7,"items":[{"name":"한성슈퍼","tel":null,"addr":"경기도 가평군 가평읍 읍내리 495-32번지","indutype":"유통업 영리-슈퍼마켓","category":"mart"}]}]