[{"lat":"37.8810452107","long":"127.5492501021","imageIndex":5,"items":[{"name":"쿨펜션","tel":null,"addr":"경기도 가평군 북면 이곡리 605-15번지","indutype":"숙박업-여관/기타숙박업","category":"hotel"}]},{"lat":"37.8724459921","long":"127.5218080798","imageIndex":5,"items":[{"name":"강변마루펜션","tel":null,"addr":"경기도 가평군 북면 이곡리 581-1","indutype":"숙박업-여관/기타숙박업","category":"hotel"}]},{"lat":"37.8726712279","long":"127.5222970664","imageIndex":5,"items":[{"name":"가평펜션","tel":null,"addr":"경기도 가평군 북면 이곡리 554-8번지","indutype":"숙박업-여관/기타숙박업","category":"hotel"}]}]