[{"lat":"37.8247314256","long":"127.5158171576","imageIndex":4,"items":[{"name":"달기닭갈비","tel":null,"addr":"경기도 가평군 가평읍 대곡리 167-2번지","indutype":"일반휴게음식-일반한식","category":"restaurant"}]},{"lat":"37.8268321726","long":"127.5094996667","imageIndex":4,"items":[{"name":"꼬기반찬","tel":null,"addr":"경기도 가평군 가평읍 대곡리 297-1번지","indutype":"일반휴게음식-일반한식","category":"restaurant"}]},{"lat":"37.8250200306","long":"127.5143854910","imageIndex":4,"items":[{"name":"도원","tel":null,"addr":"경기도 가평군 가평읍 대곡리 230-3번지 (나동지하층)","indutype":"일반휴게음식-중국식","category":"restaurant"}]},{"lat":"37.8230551747","long":"127.5142601208","imageIndex":4,"items":[{"name":"해품달","tel":null,"addr":"경기도 가평군 가평읍 대곡리 177-1번지 지하1층","indutype":"일반휴게음식-서양음식","category":"restaurant"}]},{"lat":"37.8279857025","long":"127.5112611381","imageIndex":4,"items":[{"name":"인천집","tel":null,"addr":"경기도 가평군 가평읍 대곡리 277-3번지","indutype":"일반휴게음식-일반한식","category":"restaurant"}]},{"lat":"37.8255250513","long":"127.5118402771","imageIndex":4,"items":[{"name":"호아빈가평점","tel":null,"addr":"경기도 가평군 가평읍 대곡리 263-3번지","indutype":"일반휴게음식-서양음식","category":"restaurant"}]},{"lat":"37.8262461149","long":"127.5117381243","imageIndex":4,"items":[{"name":"빈스킹토스트","tel":null,"addr":"경기도 가평군 가평읍 대곡리 261-10번지 1층","indutype":"일반휴게음식-스넥","category":"restaurant"}]}]