[{"lat":"37.8425063025","long":"127.5054896185","imageIndex":17,"items":[{"name":"전우사","tel":null,"addr":"경기도 가평군 가평읍 승안리 50-1","indutype":"신변잡화-기타잡화","category":"other"}]},{"lat":"37.8406675615","long":"127.5066487451","imageIndex":7,"items":[{"name":"형제건강원","tel":null,"addr":"경기도 가평군 가평읍 승안리 11-1번지","indutype":"건강식품-기타건강식품","category":"food"}]},{"lat":"37.8511217120","long":"127.4826654681","imageIndex":5,"items":[{"name":"언덕위의펜션","tel":null,"addr":"경기도 가평군 가평읍 승안리 412-4","indutype":"숙박업-여관/기타숙박업","category":"hotel"}]},{"lat":"37.8614121700","long":"127.4700781210","imageIndex":5,"items":[{"name":"추억만들기펜션","tel":null,"addr":"경기도 가평군 가평읍 승안리 646-12","indutype":"숙박업-여관/기타숙박업","category":"hotel"}]}]