[{"lat":"37.8286699664","long":"127.4826707216","imageIndex":5,"items":[{"name":"앵두펜션","tel":null,"addr":"경기도 가평군 가평읍 경반리 519-1번지","indutype":"숙박업-여관/기타숙박업","category":"hotel"}]},{"lat":"37.8283905298","long":"127.4824776085","imageIndex":5,"items":[{"name":"미르펜션","tel":null,"addr":"경기도 가평군 가평읍 경반리 519-3번지","indutype":"숙박업-여관/기타숙박업","category":"hotel"}]},{"lat":"37.8292719551","long":"127.4726819993","imageIndex":4,"items":[{"name":"숲속의하모니","tel":null,"addr":"경기도 가평군 가평읍 경반리 563-3번지","indutype":"일반휴게음식-일반한식","category":"restaurant"}]},{"lat":"37.8309244095","long":"127.4946363048","imageIndex":4,"items":[{"name":"칼봉산송어횟집","tel":null,"addr":"경기도 가평군 가평읍 경반리 113-1번지","indutype":"일반휴게음식-일반한식","category":"restaurant"}]},{"lat":"37.8364349469","long":"127.4635648907","imageIndex":7,"items":[{"name":"한석봉 어머니떡","tel":null,"addr":"경기도 가평군 가평읍 경반리 585-4번지 1층","indutype":"음료식품-기타음료식품","category":"food"}]},{"lat":"37.8312216323","long":"127.4911362104","imageIndex":17,"items":[{"name":"준건축","tel":null,"addr":"경기도 가평군 가평읍 경반리 83-1번지","indutype":"용역 서비스-기타용역서비스","category":"other"}]}]