[{"lat":"37.8573953490","long":"127.5134937172","imageIndex":17,"items":[{"name":"성심씽크","tel":null,"addr":"경기도 가평군 가평읍 마장리 337-8번지","indutype":"주방용구-주방용구","category":"other"}]},{"lat":"37.8574403494","long":"127.5140507524","imageIndex":17,"items":[{"name":"남양판넬","tel":null,"addr":"경기도 가평군 가평읍 마장리 337-3번지","indutype":"건축자재-기타건축자재","category":"other"}]},{"lat":"37.8496517476","long":"127.5067731302","imageIndex":17,"items":[{"name":"블루앤에코","tel":null,"addr":"경기도 가평군 가평읍 마장리 722번지","indutype":"건축자재-기타건축자재","category":"other"}]}]