[{"lat":"37.8296708292","long":"127.5143409393","imageIndex":7,"items":[{"name":"마카로너키친","tel":null,"addr":"경기도 가평군 가평읍 읍내리 474-3번지 2층","indutype":"음료식품-기타음료식품","category":"food"}]},{"lat":"37.8305274282","long":"127.5111137954","imageIndex":7,"items":[{"name":"정관장가평점/상품권사용","tel":null,"addr":"경기도 가평군 가평읍 읍내리 492-4","indutype":"건강식품-홍삼제품","category":"food"}]},{"lat":"37.8301939956","long":"127.5105228322","imageIndex":7,"items":[{"name":"핸드폰 마켓","tel":null,"addr":"경기도 가평군 가평읍 읍내리 494-10번지 외 2필지","indutype":"음료식품-기타음료식품","category":"food"}]}]