[{"lat":"37.8266873593","long":"127.5152380530","imageIndex":4,"items":[{"name":"첼로다방","tel":null,"addr":"경기도 가평군 가평읍 읍내리 363-1번지","indutype":"일반휴게음식-서양음식","category":"restaurant"}]},{"lat":"37.8275797573","long":"127.5144882577","imageIndex":4,"items":[{"name":"륭림닭발","tel":null,"addr":"경기도 가평군 가평읍 읍내리 349-13번지 1층","indutype":"일반휴게음식-일반한식","category":"restaurant"}]},{"lat":"37.8321952580","long":"127.5055115824","imageIndex":4,"items":[{"name":"카페(Cafe) 1253","tel":null,"addr":"경기도 가평군 가평읍 읍내리 867-5번지 1층","indutype":"일반휴게음식-서양음식","category":"restaurant"}]},{"lat":"37.8295091541","long":"127.5146099969","imageIndex":4,"items":[{"name":"잣고을 꼬꼬치","tel":null,"addr":"경기도 가평군 가평읍 읍내리 403번지","indutype":"일반휴게음식-일반한식","category":"restaurant"}]},{"lat":"37.8304728611","long":"127.5154433791","imageIndex":4,"items":[{"name":"할머니손순대","tel":null,"addr":"경기도 가평군 가평읍 읍내리 411-1번지","indutype":"일반휴게음식-일반한식","category":"restaurant"}]},{"lat":"37.8283552191","long":"127.5114998263","imageIndex":4,"items":[{"name":"알콜분해소야식","tel":null,"addr":"경기도 가평군 가평읍 읍내리 329-1번지","indutype":"일반휴게음식-일반한식","category":"restaurant"}]},{"lat":"37.8304463341","long":"127.5108524169","imageIndex":4,"items":[{"name":"바이밍 (by ming)","tel":null,"addr":"경기도 가평군 가평읍 읍내리 492-21번지 1층","indutype":"일반휴게음식-서양음식","category":"restaurant"}]},{"lat":"37.8330872484","long":"127.5101936825","imageIndex":4,"items":[{"name":"엄마네집밥","tel":null,"addr":"경기도 가평군 가평읍 읍내리 616-6번지 1층","indutype":"일반휴게음식-일반한식","category":"restaurant"}]},{"lat":"37.8334298253","long":"127.5092618642","imageIndex":4,"items":[{"name":"고향닭갈비","tel":null,"addr":"경기도 가평군 가평읍 읍내리 615-9번지","indutype":"일반휴게음식-일반한식","category":"restaurant"}]},{"lat":"37.8310411545","long":"127.5113638770","imageIndex":4,"items":[{"name":"어머니손맛","tel":null,"addr":"경기도 가평군 가평읍 읍내리 495-38번지","indutype":"일반휴게음식-일반한식","category":"restaurant"}]},{"lat":"37.8308879319","long":"127.5113524897","imageIndex":4,"items":[{"name":"비비큐(bbq)올리브카페치킨","tel":null,"addr":"경기도 가평군 가평읍 읍내리 496-11번지","indutype":"일반휴게음식-일반한식","category":"restaurant"}]},{"lat":"37.8330963122","long":"127.5095913832","imageIndex":4,"items":[{"name":"옛날옛적","tel":null,"addr":"경기도 가평군 가평읍 읍내리 613-1번지","indutype":"일반휴게음식-일반한식","category":"restaurant"}]},{"lat":"37.8349079737","long":"127.5093756934","imageIndex":4,"items":[{"name":"멕시카나가평행복점","tel":null,"addr":"경기도 가평군 가평읍 읍내리 673번지 A동 1층","indutype":"일반휴게음식-스넥","category":"restaurant"}]},{"lat":"37.8375579058","long":"127.5085123006","imageIndex":4,"items":[{"name":"맛깔촌","tel":null,"addr":"경기도 가평군 가평읍 읍내리 749-5","indutype":"일반휴게음식-일반한식","category":"restaurant"}]},{"lat":"37.8273453582","long":"127.5149427430","imageIndex":13,"items":[{"name":"공주눈썹","tel":null,"addr":"경기도 가평군 가평읍 읍내리 475-13번지","indutype":"보건위생-피부미용실","category":"beauty"}]},{"lat":"37.8333757561","long":"127.5091368512","imageIndex":13,"items":[{"name":"헤어로드","tel":null,"addr":"경기도 가평군 가평읍 읍내리 615번지 1층","indutype":"보건위생-미용원","category":"beauty"}]},{"lat":"37.8277870291","long":"127.5147382919","imageIndex":13,"items":[{"name":"트윈스안경원","tel":null,"addr":"경기도 가평군 가평읍 읍내리 475-34번지 트윈스안경원","indutype":"보건위생-안경","category":"beauty"}]},{"lat":"37.8279312496","long":"127.5146587770","imageIndex":17,"items":[{"name":"옷 싸롱","tel":null,"addr":"경기도 가평군 가평읍 읍내리 475-20번지","indutype":"의류-정장","category":"other"}]},{"lat":"37.8338173901","long":"127.5092732769","imageIndex":17,"items":[{"name":"GS25가평중앙점","tel":null,"addr":"경기도 가평군 가평읍 읍내리 637-6번지 준수빌딩 105호","indutype":"유통업 영리-편 의 점","category":"other"}]},{"lat":"37.8364043709","long":"127.5061255877","imageIndex":17,"items":[{"name":"세븐일레븐가평남이옥점","tel":null,"addr":"경기도 가평군 가평읍 읍내리 786-2번지","indutype":"유통업 영리-편 의 점","category":"other"}]},{"lat":"37.8304010243","long":"127.5132387972","imageIndex":17,"items":[{"name":"가평축협읍내지점","tel":null,"addr":"경기도 가평군 가평읍 읍내리 468-8번지 유진빌딩","indutype":"유통업 비영리-농,축협 직영매장","category":"other"}]},{"lat":"37.8299502903","long":"127.5138978100","imageIndex":17,"items":[{"name":"올포유가평점","tel":null,"addr":"경기도 가평군 가평읍 읍내리 473-16번지","indutype":"레져용품-스포츠•레져용품","category":"other"}]},{"lat":"37.8287892676","long":"127.5144119280","imageIndex":17,"items":[{"name":"쌍가마상회","tel":null,"addr":"경기도 가평군 가평읍 읍내리 475-45","indutype":"의류-정장","category":"other"}]},{"lat":"37.8294458785","long":"127.5107954523","imageIndex":17,"items":[{"name":"세이퍼A/S센타","tel":null,"addr":"경기도 가평군 가평읍 읍내리 487-1번지","indutype":"수리서비스-사무•통신기기수리","category":"other"}]},{"lat":"37.8284631855","long":"127.5133179951","imageIndex":17,"items":[{"name":"중소기업가구전시장","tel":null,"addr":"경기도 가평군 가평읍 읍내리 338-2번지","indutype":"가구-일반가구","category":"other"}]},{"lat":"37.8262547022","long":"127.5154311369","imageIndex":17,"items":[{"name":"형제철물건재","tel":null,"addr":"경기도 가평군 가평읍 읍내리 362-6번지","indutype":"기타-기계공구","category":"other"}]},{"lat":"37.8310500121","long":"127.5128752700","imageIndex":17,"items":[{"name":"정인당","tel":null,"addr":"경기도 가평군 가평읍 읍내리 448-1","indutype":"기타-기계공구","category":"other"}]},{"lat":"37.8301755855","long":"127.5141819450","imageIndex":17,"items":[{"name":"가평군농협하나로마트","tel":null,"addr":"경기도 가평군 가평읍 읍내리 472번지","indutype":"유통업 비영리-농,축협 직영매장","category":"other"}]},{"lat":"37.8277870291","long":"127.5147382919","imageIndex":17,"items":[{"name":"가평17분칼라","tel":null,"addr":"경기도 가평군 가평읍 읍내리 475-34","indutype":"광학제품-사진관","category":"other"}]},{"lat":"37.8302300162","long":"127.5108751126","imageIndex":17,"items":[{"name":"수컴퓨터","tel":null,"addr":"경기도 가평군 가평읍 읍내리 493-8번지","indutype":"수리서비스-사무•통신기기수리","category":"other"}]},{"lat":"37.8361518189","long":"127.5089894534","imageIndex":17,"items":[{"name":"하우디몬","tel":null,"addr":"경기도 가평군 가평읍 읍내리 738-2","indutype":"직물-침구•수예점","category":"other"}]},{"lat":"37.8293827525","long":"127.5111590781","imageIndex":17,"items":[{"name":"성산전력공사","tel":null,"addr":"경기도 가평군 가평읍 읍내리 488-6번지","indutype":"용역 서비스-기타용역서비스","category":"other"}]},{"lat":"37.8273634594","long":"127.5143404928","imageIndex":17,"items":[{"name":"간지","tel":null,"addr":"경기도 가평군 가평읍 읍내리 349-14","indutype":"의류-정장","category":"other"}]},{"lat":"37.8265431428","long":"127.5152834759","imageIndex":17,"items":[{"name":"씽씽낚시","tel":null,"addr":"경기도 가평군 가평읍 읍내리 362-2","indutype":"레져용품-스포츠•레져용품","category":"other"}]},{"lat":"37.8311397974","long":"127.5157276146","imageIndex":17,"items":[{"name":"가명 에어컨","tel":null,"addr":"경기도 가평군 가평읍 읍내리 416-2번지","indutype":"전기제품-냉열기기","category":"other"}]},{"lat":"37.8318161589","long":"127.5126140320","imageIndex":17,"items":[{"name":"형제자전거","tel":null,"addr":"경기도 가평군 가평읍 읍내리 443-15","indutype":"레져용품-스포츠•레져용품","category":"other"}]},{"lat":"37.8297882363","long":"127.5122500498","imageIndex":17,"items":[{"name":"코콜가평점","tel":null,"addr":"경기도 가평군 가평읍 읍내리 461-20번지 1/4","indutype":"사무통신-컴퓨터","category":"other"}]},{"lat":"37.8308066406","long":"127.5130229573","imageIndex":17,"items":[{"name":"다다스튜디오","tel":null,"addr":"경기도 가평군 가평읍 읍내리 467-1번지","indutype":"광학제품-사진관","category":"other"}]},{"lat":"37.8304643975","long":"127.5104433243","imageIndex":17,"items":[{"name":"정풍건축사사무소","tel":null,"addr":"경기도 가평군 가평읍 읍내리 495-31","indutype":"용역 서비스-법률회계서비스(개인)","category":"other"}]},{"lat":"37.8334298253","long":"127.5092618642","imageIndex":17,"items":[{"name":"유명서적","tel":null,"addr":"경기도 가평군 가평읍 읍내리 615-9","indutype":"서적문구-일반서적","category":"other"}]},{"lat":"37.8333304932","long":"127.5113983208","imageIndex":17,"items":[{"name":"권칠남법무사&공인중개사사무소","tel":null,"addr":"경기도 가평군 가평읍 읍내리 625-1","indutype":"용역 서비스-법률회계서비스(개인)","category":"other"}]},{"lat":"37.8354666633","long":"127.5108417878","imageIndex":17,"items":[{"name":"믿음공업사","tel":null,"addr":"경기도 가평군 가평읍 읍내리 684-2번지","indutype":"건축자재-건축용 요업제품","category":"other"}]},{"lat":"37.8338083393","long":"127.5097392109","imageIndex":13,"items":[{"name":"유니넷PC존","tel":null,"addr":"경기도 가평군 가평읍 읍내리 635-2번지 에이스1차 3층","indutype":"레저업소-기타레져업소","category":"leisure"}]},{"lat":"37.8299669897","long":"127.5224887557","imageIndex":13,"items":[{"name":"가평수상레저K2수상레저","tel":null,"addr":"경기도 가평군 가평읍 읍내리 산 159","indutype":"레저업소-기타레져업소","category":"leisure"}]},{"lat":"37.8296708292","long":"127.5143409393","imageIndex":7,"items":[{"name":"마카로너키친","tel":null,"addr":"경기도 가평군 가평읍 읍내리 474-3번지 2층","indutype":"음료식품-기타음료식품","category":"food"}]},{"lat":"37.8305274282","long":"127.5111137954","imageIndex":7,"items":[{"name":"정관장가평점/상품권사용","tel":null,"addr":"경기도 가평군 가평읍 읍내리 492-4","indutype":"건강식품-홍삼제품","category":"food"}]},{"lat":"37.8301939956","long":"127.5105228322","imageIndex":7,"items":[{"name":"핸드폰 마켓","tel":null,"addr":"경기도 가평군 가평읍 읍내리 494-10번지 외 2필지","indutype":"음료식품-기타음료식품","category":"food"}]},{"lat":"37.8297429809","long":"127.5139545893","imageIndex":8,"items":[{"name":"류치과의원","tel":null,"addr":"경기도 가평군 가평읍 읍내리 474-1번지","indutype":"의원-치과의원","category":"medical"}]},{"lat":"37.8326546257","long":"127.5100913461","imageIndex":8,"items":[{"name":"가평삼성의원","tel":null,"addr":"경기도 가평군 가평읍 읍내리 615-5번지","indutype":"의원-의원","category":"medical"},{"name":"소명약국","tel":null,"addr":"경기도 가평군 가평읍 읍내리 615-5번지","indutype":"약국-약국","category":"medical"}]},{"lat":"37.8305905907","long":"127.5103410681","imageIndex":16,"items":[{"name":"PIS학원","tel":null,"addr":"경기도 가평군 가평읍 읍내리 495-30번지 4층","indutype":"회원제형태-학원","category":"study"}]},{"lat":"37.8281479041","long":"127.5116247916","imageIndex":16,"items":[{"name":"튼튼체육관","tel":null,"addr":"경기도 가평군 가평읍 읍내리 329-21번지","indutype":"학원-예•체능계학원 ","category":"study"}]},{"lat":"37.8323932859","long":"127.5095912922","imageIndex":16,"items":[{"name":"장은영음악학원","tel":null,"addr":"경기도 가평군 가평읍 읍내리 609","indutype":"학원-예•체능계학원 ","category":"study"}]},{"lat":"37.8284631855","long":"127.5133179951","imageIndex":0,"items":[{"name":"가평신진오토바이","tel":null,"addr":"경기도 가평군 가평읍 읍내리 338-2","indutype":"자동차판매-이륜차판매","category":"car"}]},{"lat":"37.8344932987","long":"127.5102166047","imageIndex":0,"items":[{"name":"넘버원카테크","tel":null,"addr":"경기도 가평군 가평읍 읍내리 680-5번지","indutype":"자동차정비 유지-자동차정비","category":"car"}]},{"lat":"37.8361518689","long":"127.5083075757","imageIndex":9,"items":[{"name":"(주)명보주유소","tel":null,"addr":"경기도 가평군 가평읍 읍내리 745","indutype":"연료판매점-SK주유소","category":"oil"}]}]