[{"lat":"37.9045950988","long":"127.4755548401","imageIndex":5,"items":[{"name":"산골이야기","tel":null,"addr":"경기도 가평군 북면 백둔리 163번지","indutype":"숙박업-여관/기타숙박업","category":"hotel"},{"name":"산골이야기2","tel":null,"addr":"경기도 가평군 북면 백둔리 163번지","indutype":"숙박업-여관/기타숙박업","category":"hotel"}]},{"lat":"37.9050640971","long":"127.4771472157","imageIndex":5,"items":[{"name":"푸른계곡","tel":null,"addr":"경기도 가평군 북면 백둔리 165-1","indutype":"숙박업-여관/기타숙박업","category":"hotel"}]},{"lat":"37.8988740211","long":"127.4531039308","imageIndex":5,"items":[{"name":"유앤아이펜션","tel":null,"addr":"경기도 가평군 북면 백둔리 494","indutype":"숙박업-여관/기타숙박업","category":"hotel"}]},{"lat":"37.9069378938","long":"127.4465237704","imageIndex":5,"items":[{"name":"코지테마펜션","tel":null,"addr":"경기도 가평군 북면 백둔리 604","indutype":"숙박업-여관/기타숙박업","category":"hotel"}]},{"lat":"37.9047505102","long":"127.4530547010","imageIndex":5,"items":[{"name":"휴블레스","tel":null,"addr":"경기도 가평군 북면 백둔리 434번지","indutype":"숙박업-여관/기타숙박업","category":"hotel"}]},{"lat":"37.9046156606","long":"127.4539306732","imageIndex":5,"items":[{"name":"콩깍지","tel":null,"addr":"경기도 가평군 북면 백둔리 455-16번지","indutype":"숙박업-여관/기타숙박업","category":"hotel"}]},{"lat":"37.9047307796","long":"127.4489596534","imageIndex":5,"items":[{"name":"가르텐하임","tel":null,"addr":"경기도 가평군 북면 백둔리 579-9번지","indutype":"숙박업-여관/기타숙박업","category":"hotel"}]},{"lat":"37.8971256216","long":"127.4932211290","imageIndex":5,"items":[{"name":"백낙제","tel":null,"addr":"경기도 가평군 북면 백둔리 47-3번지","indutype":"숙박업-여관/기타숙박업","category":"hotel"}]},{"lat":"37.8968547382","long":"127.4872839488","imageIndex":5,"items":[{"name":"펜션곰","tel":null,"addr":"경기도 가평군 북면 백둔리 88-4번지","indutype":"숙박업-여관/기타숙박업","category":"hotel"}]},{"lat":"37.8976300552","long":"127.4892287823","imageIndex":5,"items":[{"name":"달빛풍경","tel":null,"addr":"경기도 가평군 북면 백둔리 92-3번지","indutype":"숙박업-여관/기타숙박업","category":"hotel"}]},{"lat":"37.9030117783","long":"127.4550691634","imageIndex":5,"items":[{"name":"가평별장펜션","tel":null,"addr":"경기도 가평군 북면 백둔리 481번지","indutype":"숙박업-여관/기타숙박업","category":"hotel"}]},{"lat":"37.9050211449","long":"127.4536687906","imageIndex":5,"items":[{"name":"끌레르펜션","tel":null,"addr":"경기도 가평군 북면 백둔리 455-15번지","indutype":"숙박업-여관/기타숙박업","category":"hotel"}]},{"lat":"37.9025229931","long":"127.4803329534","imageIndex":5,"items":[{"name":"유스토리청소년수련원","tel":null,"addr":"경기도 가평군 북면 백둔리 110-2번지","indutype":"숙박업-여관/기타숙박업","category":"hotel"}]},{"lat":"37.9026616703","long":"127.4589027003","imageIndex":5,"items":[{"name":"로망스펜션","tel":null,"addr":"경기도 가평군 북면 백둔리 362-2번지","indutype":"숙박업-여관/기타숙박업","category":"hotel"}]},{"lat":"37.9021912977","long":"127.4543075522","imageIndex":5,"items":[{"name":"별을헤는마을","tel":null,"addr":"경기도 가평군 북면 백둔리 482-11번지","indutype":"숙박업-여관/기타숙박업","category":"hotel"}]},{"lat":"37.9154606181","long":"127.4390999150","imageIndex":5,"items":[{"name":"가평전원별장펜션","tel":null,"addr":"경기도 가평군 북면 백둔리 709-5번지","indutype":"숙박업-여관/기타숙박업","category":"hotel"}]},{"lat":"37.8959622722","long":"127.4857713844","imageIndex":5,"items":[{"name":"루안펜션","tel":null,"addr":"경기도 가평군 북면 백둔리 88-10번지","indutype":"숙박업-여관/기타숙박업","category":"hotel"}]},{"lat":"37.9040045744","long":"127.4587882030","imageIndex":5,"items":[{"name":"오세르","tel":null,"addr":"경기도 가평군 북면 백둔리 393-1","indutype":"숙박업-여관/기타숙박업","category":"hotel"}]},{"lat":"37.9013282423","long":"127.4603707709","imageIndex":4,"items":[{"name":"푸드원코리아","tel":null,"addr":"경기도 가평군 북면 백둔리 349-5번지","indutype":"일반휴게음식-위탁급식업","category":"restaurant"}]},{"lat":"37.9041568511","long":"127.4561718498","imageIndex":4,"items":[{"name":"정읍식당","tel":null,"addr":"경기도 가평군 북면 백둔리 377-4","indutype":"일반휴게음식-일반한식","category":"restaurant"}]},{"lat":"37.9079193294","long":"127.4688534774","imageIndex":7,"items":[{"name":"가평우리농원","tel":null,"addr":"경기도 가평군 북면 백둔리 208-1번지","indutype":"음료식품-농•축•수산품","category":"food"}]},{"lat":"37.9039762565","long":"127.4552847029","imageIndex":17,"items":[{"name":"명지산장","tel":null,"addr":"경기도 가평군 북면 백둔리 460번지 외1필지","indutype":"신변잡화-기타잡화","category":"other"}]},{"lat":"37.8963752899","long":"127.4480668867","imageIndex":17,"items":[{"name":"대원상사","tel":null,"addr":"경기도 가평군 북면 백둔리 525번지","indutype":"회원제형태-기타4","category":"other"}]},{"lat":"37.9067793262","long":"127.4487513049","imageIndex":17,"items":[{"name":"명지사","tel":null,"addr":"경기도 가평군 북면 백둔리 593-2","indutype":"레져용품-스포츠•레져용품","category":"other"}]},{"lat":"37.9014200347","long":"127.4656599377","imageIndex":7,"items":[{"name":"파랑새","tel":null,"addr":"경기도 가평군 북면 백둔리 344-9","indutype":"유통업 영리-슈퍼마켓","category":"mart"}]}]