[{"lat":"37.8957016116","long":"127.5057779112","imageIndex":4,"items":[{"name":"구나무촌","tel":null,"addr":"경기도 가평군 북면 제령리 615-10","indutype":"일반휴게음식-일반한식","category":"restaurant"},{"name":"박은자 맛사랑 가평점","tel":null,"addr":"경기도 가평군 북면 제령리 615-10번지","indutype":"일반휴게음식-일반한식","category":"restaurant"}]},{"lat":"37.8970532936","long":"127.5099295220","imageIndex":4,"items":[{"name":"가평펜션","tel":null,"addr":"경기도 가평군 북면 제령리 622-10번지","indutype":"일반휴게음식-일반한식","category":"restaurant"}]},{"lat":"37.9011982269","long":"127.5187340381","imageIndex":4,"items":[{"name":"명지반점","tel":null,"addr":"경기도 가평군 북면 제령리 569-10번지","indutype":"일반휴게음식-중국식","category":"restaurant"}]}]