[{"lat":"37.8480488644","long":"127.4876674277","imageIndex":13,"items":[{"name":"아홉마지기체험휴양마을영농조합법인","tel":null,"addr":"경기도 가평군 가평읍 승안리 286번지 2층","indutype":"레저업소-기타레져업소","category":"leisure"}]},{"lat":"37.8439555200","long":"127.4781549123","imageIndex":13,"items":[{"name":"베뉴지 컨트리클럽/부국관광(주)","tel":null,"addr":"경기도 가평군 가평읍 승안리 산176번지 베뉴지CC","indutype":"레저업소-골프경기장","category":"leisure"}]}]