[{"lat":"37.7535893763","long":"127.4056196026","imageIndex":4,"items":[{"name":"밤나무골식당","tel":null,"addr":"경기도 가평군 상면 덕현리 156-1번지","indutype":"일반휴게음식-일반한식","category":"restaurant"}]},{"lat":"37.7569941484","long":"127.4028566184","imageIndex":4,"items":[{"name":"슬레드밸리/청평슬레드밸리리조트 주식회사","tel":null,"addr":"경기도 가평군 상면 덕현리 163번지","indutype":"일반휴게음식-일반한식","category":"restaurant"}]},{"lat":"37.7540580349","long":"127.4175954280","imageIndex":4,"items":[{"name":"강변의 풍차","tel":null,"addr":"경기도 가평군 상면 덕현리 6-20번지 강변의풍차 A동 1층","indutype":"일반휴게음식-일반한식","category":"restaurant"}]}]