[{"lat":"37.8338083393","long":"127.5097392109","imageIndex":13,"items":[{"name":"유니넷PC존","tel":null,"addr":"경기도 가평군 가평읍 읍내리 635-2번지 에이스1차 3층","indutype":"레저업소-기타레져업소","category":"leisure"}]},{"lat":"37.8299669897","long":"127.5224887557","imageIndex":13,"items":[{"name":"가평수상레저K2수상레저","tel":null,"addr":"경기도 가평군 가평읍 읍내리 산 159","indutype":"레저업소-기타레져업소","category":"leisure"}]}]