[{"lat":"37.8865249836","long":"127.5496745292","imageIndex":7,"items":[{"name":"목동정육점","tel":null,"addr":"경기도 가평군 북면 목동리 890-1","indutype":"음료식품-정육점","category":"food"}]},{"lat":"37.8863626570","long":"127.5498904946","imageIndex":7,"items":[{"name":"또와상회","tel":null,"addr":"경기도 가평군 북면 목동리 886-24번지","indutype":"음료식품-기타음료식품","category":"food"}]},{"lat":"37.8872553850","long":"127.5488562014","imageIndex":7,"items":[{"name":"북면떡방아","tel":null,"addr":"경기도 가평군 북면 목동리 898-8번지","indutype":"음료식품-제과점","category":"food"}]},{"lat":"37.8945068294","long":"127.5578461325","imageIndex":7,"items":[{"name":"(주)고려상역","tel":null,"addr":"경기도 가평군 북면 목동리 699-17번지 1층","indutype":"음료식품-기타음료식품","category":"food"}]}]