[{"lat":"37.8766173217","long":"127.5297234165","imageIndex":4,"items":[{"name":"명지쉼터가든","tel":null,"addr":"경기도 가평군 북면 이곡리 207-2번지","indutype":"일반휴게음식-일반한식","category":"restaurant"}]},{"lat":"37.8790062484","long":"127.5278481268","imageIndex":4,"items":[{"name":"가평잣갈비","tel":null,"addr":"경기도 가평군 북면 이곡리 507-2번지 태암농장 B동 1호","indutype":"일반휴게음식-일반한식","category":"restaurant"}]},{"lat":"37.8793061516","long":"127.5481231897","imageIndex":16,"items":[{"name":"목동초병설유치원[아이행복]","tel":null,"addr":"경기도 가평군 북면 이곡리 13-45번지 가평농어촌현대화시범학교","indutype":"학원-유치원","category":"study"},{"name":"목동초등학교","tel":null,"addr":"경기도 가평군 북면 이곡리 13-45번지 가평농어촌현대화시범학교","indutype":"학원-초중고교육기관","category":"study"}]},{"lat":"37.8793606849","long":"127.5469974701","imageIndex":16,"items":[{"name":"북면어린이집[아이행복]","tel":null,"addr":"경기도 가평군 북면 이곡리 11-6번지","indutype":"학원-유아원","category":"study"}]},{"lat":"37.8798901470","long":"127.5251079651","imageIndex":7,"items":[{"name":"한진아이템","tel":null,"addr":"경기도 가평군 북면 이곡리 465번지","indutype":"음료식품-기타음료식품","category":"food"}]}]