[{"lat":"37.8127269260","long":"127.4986367069","imageIndex":0,"items":[{"name":"광수카 자동차 외장관리","tel":null,"addr":"경기도 가평군 가평읍 하색리 289-1번지 안흥진빵 1층 101호","indutype":"자동차정비 유지-카인테리어","category":"car"}]},{"lat":"37.8039025357","long":"127.4893560056","imageIndex":0,"items":[{"name":"광진종합카센타","tel":null,"addr":"경기도 가평군 가평읍 하색리 447-7","indutype":"자동차정비 유지-자동차정비","category":"car"}]},{"lat":"37.8161519386","long":"127.4988525136","imageIndex":7,"items":[{"name":"농수산마켓","tel":null,"addr":"경기도 가평군 가평읍 하색리 302-3번지","indutype":"음료식품-기타음료식품","category":"food"}]},{"lat":"37.8086682101","long":"127.4743709330","imageIndex":7,"items":[{"name":"한국사슴백화점","tel":null,"addr":"경기도 가평군 가평읍 하색리 735-2번지 37/1","indutype":"건강식품-기타건강식품","category":"food"}]},{"lat":"37.8101941871","long":"127.4969099347","imageIndex":9,"items":[{"name":"성원에너지 주식회사","tel":null,"addr":"경기도 가평군 가평읍 하색리 248-2번지","indutype":"연료판매점-쌍용S-OIL 가스충전소","category":"oil"}]},{"lat":"37.8145624917","long":"127.4728351175","imageIndex":5,"items":[{"name":"모닝밸리","tel":null,"addr":"경기도 가평군 가평읍 하색리 762-1번지","indutype":"숙박업-여관/기타숙박업","category":"hotel"}]}]