[{"lat":"37.9073641758","long":"127.5659783552","imageIndex":5,"items":[{"name":"도그버디","tel":null,"addr":"경기도 가평군 북면 소법리 84번지","indutype":"숙박업-여관/기타숙박업","category":"hotel"}]},{"lat":"37.9032761508","long":"127.5586151173","imageIndex":5,"items":[{"name":"우리들캠핑장","tel":null,"addr":"경기도 가평군 북면 소법리 133-6번지","indutype":"숙박업-여관/기타숙박업","category":"hotel"}]},{"lat":"37.9082928360","long":"127.5654103988","imageIndex":5,"items":[{"name":"동덕에이치알디주식회사","tel":null,"addr":"경기도 가평군 북면 소법리 81-3번지","indutype":"숙박업-여관/기타숙박업","category":"hotel"}]}]