[{"lat":"37.8975067634","long":"127.5743253469","imageIndex":5,"items":[{"name":"한마음펜션","tel":null,"addr":"경기도 가평군 북면 목동리 403-5","indutype":"숙박업-여관/기타숙박업","category":"hotel"}]},{"lat":"37.8937709389","long":"127.5509646011","imageIndex":5,"items":[{"name":"프랜치캣펜션","tel":null,"addr":"경기도 가평군 북면 목동리 707-45번지","indutype":"숙박업-여관/기타숙박업","category":"hotel"}]},{"lat":"37.8868313174","long":"127.5499363005","imageIndex":5,"items":[{"name":"명지산여관","tel":null,"addr":"경기도 가평군 북면 목동리 886-10","indutype":"숙박업-여관/기타숙박업","category":"hotel"}]},{"lat":"37.8965330111","long":"127.5613167591","imageIndex":4,"items":[{"name":"한림송어횟집","tel":null,"addr":"경기도 가평군 북면 목동리 679-2번지","indutype":"일반휴게음식-일식•회집","category":"restaurant"}]},{"lat":"37.8868311235","long":"127.5503911969","imageIndex":4,"items":[{"name":"이대원조순대","tel":null,"addr":"경기도 가평군 북면 목동리 886-5","indutype":"일반휴게음식-일반한식","category":"restaurant"}]}]