[{"lat":"37.8319964330","long":"127.5125117868","imageIndex":5,"items":[{"name":"삼화장","tel":null,"addr":"경기도 가평군 가평읍 읍내리 443-13번지","indutype":"숙박업-여관/기타숙박업","category":"hotel"}]},{"lat":"37.8314187136","long":"127.5190572975","imageIndex":5,"items":[{"name":"알프스모텔","tel":null,"addr":"경기도 가평군 가평읍 읍내리 300-6번지","indutype":"숙박업-여관/기타숙박업","category":"hotel"}]},{"lat":"37.8490496341","long":"127.5088659864","imageIndex":5,"items":[{"name":"펜션레몬","tel":null,"addr":"경기도 가평군 가평읍 읍내리 98-5","indutype":"숙박업-여관/기타숙박업","category":"hotel"}]}]