[{"lat":"37.9362801689","long":"127.5413209148","imageIndex":5,"items":[{"name":"네스트","tel":null,"addr":"경기도 가평군 북면 화악리 750번지","indutype":"숙박업-여관/기타숙박업","category":"hotel"}]},{"lat":"37.9447266641","long":"127.5373649412","imageIndex":5,"items":[{"name":"에버그린 빌리지","tel":null,"addr":"경기도 가평군 북면 화악리 834-33번지","indutype":"숙박업-여관/기타숙박업","category":"hotel"}]},{"lat":"37.9380733519","long":"127.5626372279","imageIndex":17,"items":[{"name":"캠핑포유","tel":null,"addr":"경기도 가평군 북면 화악리 653","indutype":"레져용품-스포츠•레져용품","category":"other"}]}]