[{"lat":"37.8534119968","long":"127.5087528360","imageIndex":5,"items":[{"name":"동화카라반캠핑장","tel":null,"addr":"경기도 가평군 가평읍 마장리 395-20번지","indutype":"숙박업-여관/기타숙박업","category":"hotel"}]},{"lat":"37.8573953490","long":"127.5134937172","imageIndex":17,"items":[{"name":"성심씽크","tel":null,"addr":"경기도 가평군 가평읍 마장리 337-8번지","indutype":"주방용구-주방용구","category":"other"}]},{"lat":"37.8574403494","long":"127.5140507524","imageIndex":17,"items":[{"name":"남양판넬","tel":null,"addr":"경기도 가평군 가평읍 마장리 337-3번지","indutype":"건축자재-기타건축자재","category":"other"}]},{"lat":"37.8496517476","long":"127.5067731302","imageIndex":17,"items":[{"name":"블루앤에코","tel":null,"addr":"경기도 가평군 가평읍 마장리 722번지","indutype":"건축자재-기타건축자재","category":"other"}]},{"lat":"37.8591162973","long":"127.5177002481","imageIndex":4,"items":[{"name":"장수뼈해장국","tel":null,"addr":"경기도 가평군 가평읍 마장리 375번지","indutype":"일반휴게음식-일반한식","category":"restaurant"}]},{"lat":"37.8675160459","long":"127.5205900962","imageIndex":4,"items":[{"name":"손수 쌈과 함께","tel":null,"addr":"경기도 가평군 가평읍 마장리 175번지","indutype":"일반휴게음식-일반한식","category":"restaurant"}]},{"lat":"37.8609187072","long":"127.5190648909","imageIndex":4,"items":[{"name":"찬미네해물칼국수","tel":null,"addr":"경기도 가평군 가평읍 마장리 121-1번지","indutype":"일반휴게음식-일반한식","category":"restaurant"}]},{"lat":"37.8428037388","long":"127.5054328123","imageIndex":9,"items":[{"name":"가평종합가스","tel":null,"addr":"경기도 가평군 가평읍 마장리 730번지","indutype":"연료판매점-LPG 취급점","category":"oil"}]}]