[{"lat":"37.8239652380","long":"127.5163169555","imageIndex":7,"items":[{"name":"주식회사낙현수산","tel":null,"addr":"경기도 가평군 가평읍 대곡리 221번지","indutype":"음료식품-농•축•수산품","category":"food"}]},{"lat":"37.8243708973","long":"127.5158284434","imageIndex":13,"items":[{"name":"7000헤어","tel":null,"addr":"경기도 가평군 가평읍 대곡리 169-1번지 1층","indutype":"보건위생-미용원","category":"beauty"}]},{"lat":"37.8257771656","long":"127.5141470141","imageIndex":13,"items":[{"name":"빠리안경원","tel":null,"addr":"경기도 가평군 가평읍 대곡리 239-4번지","indutype":"보건위생-안경","category":"beauty"}]},{"lat":"37.8271925276","long":"127.5114314663","imageIndex":13,"items":[{"name":"브로 (Bro)","tel":null,"addr":"경기도 가평군 가평읍 대곡리 276-7번지 1층 우측","indutype":"보건위생-미용원","category":"beauty"}]},{"lat":"37.8283552626","long":"127.5110452890","imageIndex":13,"items":[{"name":"다중지능코칭센터","tel":null,"addr":"경기도 가평군 가평읍 대곡리 282-5번지","indutype":"보건위생-기타대인서비스","category":"beauty"}]},{"lat":"37.8283462643","long":"127.5108861996","imageIndex":13,"items":[{"name":"예쁜헤어#","tel":null,"addr":"경기도 가평군 가평읍 대곡리 282-7번지 1층","indutype":"보건위생-미용원","category":"beauty"}]},{"lat":"37.8247314256","long":"127.5158171576","imageIndex":13,"items":[{"name":"에이스노래연습장","tel":null,"addr":"경기도 가평군 가평읍 대곡리 167-2번지 지하","indutype":"레저업소-노 래 방","category":"leisure"}]},{"lat":"37.8274629324","long":"127.5113292384","imageIndex":13,"items":[{"name":"open탁구장","tel":null,"addr":"경기도 가평군 가평읍 대곡리 277-6번지 2층","indutype":"레저업소-기타레져업소","category":"leisure"}]},{"lat":"37.8260023616","long":"127.5152151860","imageIndex":17,"items":[{"name":"가농아그로","tel":null,"addr":"경기도 가평군 가평읍 대곡리 232-8번지 외1필지","indutype":"농업-비료,사료,종자","category":"other"}]},{"lat":"37.8245421399","long":"127.5158852943","imageIndex":17,"items":[{"name":"가평군산림조합","tel":null,"addr":"경기도 가평군 가평읍 대곡리 168-7","indutype":"유통업 비영리-기타비영리유통","category":"other"}]},{"lat":"37.8230642879","long":"127.5134079258","imageIndex":17,"items":[{"name":"사단법인 가평음악문화발전협의회","tel":null,"addr":"경기도 가평군 가평읍 대곡리 148-3번지 (가평뮤직빌리지 음악역 1939)","indutype":"문화.취미-영화관","category":"other"}]},{"lat":"37.8247314256","long":"127.5158171576","imageIndex":4,"items":[{"name":"달기닭갈비","tel":null,"addr":"경기도 가평군 가평읍 대곡리 167-2번지","indutype":"일반휴게음식-일반한식","category":"restaurant"}]},{"lat":"37.8268321726","long":"127.5094996667","imageIndex":4,"items":[{"name":"꼬기반찬","tel":null,"addr":"경기도 가평군 가평읍 대곡리 297-1번지","indutype":"일반휴게음식-일반한식","category":"restaurant"}]},{"lat":"37.8250200306","long":"127.5143854910","imageIndex":4,"items":[{"name":"도원","tel":null,"addr":"경기도 가평군 가평읍 대곡리 230-3번지 (나동지하층)","indutype":"일반휴게음식-중국식","category":"restaurant"}]},{"lat":"37.8230551747","long":"127.5142601208","imageIndex":4,"items":[{"name":"해품달","tel":null,"addr":"경기도 가평군 가평읍 대곡리 177-1번지 지하1층","indutype":"일반휴게음식-서양음식","category":"restaurant"}]},{"lat":"37.8279857025","long":"127.5112611381","imageIndex":4,"items":[{"name":"인천집","tel":null,"addr":"경기도 가평군 가평읍 대곡리 277-3번지","indutype":"일반휴게음식-일반한식","category":"restaurant"}]},{"lat":"37.8255250513","long":"127.5118402771","imageIndex":4,"items":[{"name":"호아빈가평점","tel":null,"addr":"경기도 가평군 가평읍 대곡리 263-3번지","indutype":"일반휴게음식-서양음식","category":"restaurant"}]},{"lat":"37.8262461149","long":"127.5117381243","imageIndex":4,"items":[{"name":"빈스킹토스트","tel":null,"addr":"경기도 가평군 가평읍 대곡리 261-10번지 1층","indutype":"일반휴게음식-스넥","category":"restaurant"}]},{"lat":"37.8236409449","long":"127.5149533588","imageIndex":8,"items":[{"name":"우랑동물병원","tel":null,"addr":"경기도 가평군 가평읍 대곡리 187-1번지 삼정빌라 지층 1호","indutype":"기타의료기관-동물병원","category":"medical"}]},{"lat":"37.8228387140","long":"127.5154077005","imageIndex":7,"items":[{"name":"주식회사 농수산물마켓","tel":null,"addr":"경기도 가평군 가평읍 대곡리 219-1번지","indutype":"유통업 영리-슈퍼마켓","category":"mart"}]}]