[{"lat":"37.7439468510","long":"127.5032689800","imageIndex":5,"items":[{"name":"귀족펜션","tel":null,"addr":"경기도 가평군 가평읍 복장리 212-3번지","indutype":"숙박업-여관/기타숙박업","category":"hotel"}]},{"lat":"37.7434511157","long":"127.5034165140","imageIndex":5,"items":[{"name":"주식회사 풀빌라귀족","tel":null,"addr":"경기도 가평군 가평읍 복장리 228-2번지","indutype":"숙박업-여관/기타숙박업","category":"hotel"}]},{"lat":"37.7476422115","long":"127.4943812463","imageIndex":5,"items":[{"name":"메모리메이커","tel":null,"addr":"경기도 가평군 가평읍 복장리 626번지","indutype":"숙박업-여관/기타숙박업","category":"hotel"}]}]