[{"lat":"37.8297429809","long":"127.5139545893","imageIndex":8,"items":[{"name":"류치과의원","tel":null,"addr":"경기도 가평군 가평읍 읍내리 474-1번지","indutype":"의원-치과의원","category":"medical"}]},{"lat":"37.8326546257","long":"127.5100913461","imageIndex":8,"items":[{"name":"가평삼성의원","tel":null,"addr":"경기도 가평군 가평읍 읍내리 615-5번지","indutype":"의원-의원","category":"medical"},{"name":"소명약국","tel":null,"addr":"경기도 가평군 가평읍 읍내리 615-5번지","indutype":"약국-약국","category":"medical"}]}]