[{"lat":"37.7698717266","long":"127.5387074463","imageIndex":17,"items":[{"name":"클럽아이","tel":null,"addr":"경기도 가평군 가평읍 금대리 285-5번지","indutype":"용역 서비스-부동산 중개•임대","category":"other"}]},{"lat":"37.7722790897","long":"127.5361084416","imageIndex":17,"items":[{"name":"아이템수상레저","tel":null,"addr":"경기도 가평군 가평읍 금대리 303-2번지 아이템수상레저","indutype":"레져용품-스포츠•레져용품","category":"other"}]},{"lat":"37.7525046084","long":"127.5340214462","imageIndex":17,"items":[{"name":"개판살판","tel":null,"addr":"경기도 가평군 가평읍 금대리 76-8번지","indutype":"문화.취미-애완동물","category":"other"}]},{"lat":"37.7579117620","long":"127.5367258529","imageIndex":17,"items":[{"name":"드라마인","tel":null,"addr":"경기도 가평군 가평읍 금대리 156-1번지","indutype":"유통업 영리-편 의 점","category":"other"}]}]