[{"lat":"37.8918943260","long":"127.5534665302","imageIndex":13,"items":[{"name":"가평레져","tel":null,"addr":"경기도 가평군 북면 목동리 733-2번지","indutype":"레저업소-기타레져업소","category":"leisure"}]},{"lat":"37.8868313174","long":"127.5499363005","imageIndex":13,"items":[{"name":"명지노래연습장","tel":null,"addr":"경기도 가평군 북면 목동리 886-10번지","indutype":"레저업소-노 래 방","category":"leisure"}]},{"lat":"37.8866509156","long":"127.5502659778","imageIndex":13,"items":[{"name":"베스트당구장","tel":null,"addr":"경기도 가평군 북면 목동리 886-18번지 2층","indutype":"레저업소-당 구 장","category":"leisure"}]},{"lat":"37.9176311484","long":"127.5787981991","imageIndex":13,"items":[{"name":"별비치워터파크","tel":null,"addr":"경기도 가평군 북면 목동리 318-1번지","indutype":"레저업소-기타레져업소","category":"leisure"}]}]