[{"lat":"37.8766173217","long":"127.5297234165","imageIndex":4,"items":[{"name":"명지쉼터가든","tel":null,"addr":"경기도 가평군 북면 이곡리 207-2번지","indutype":"일반휴게음식-일반한식","category":"restaurant"}]},{"lat":"37.8790062484","long":"127.5278481268","imageIndex":4,"items":[{"name":"가평잣갈비","tel":null,"addr":"경기도 가평군 북면 이곡리 507-2번지 태암농장 B동 1호","indutype":"일반휴게음식-일반한식","category":"restaurant"}]}]