[{"lat":"37.8446965174","long":"127.5050010454","imageIndex":7,"items":[{"name":"가평잣진우농산","tel":null,"addr":"경기도 가평군 가평읍 마장리 738-4번지","indutype":"음료식품-농•축•수산품","category":"food"}]},{"lat":"37.8591162973","long":"127.5177002481","imageIndex":7,"items":[{"name":"잣이야기농원","tel":null,"addr":"경기도 가평군 가평읍 마장리 375번지","indutype":"음료식품-농•축•수산품","category":"food"}]},{"lat":"37.8467875412","long":"127.5055354009","imageIndex":7,"items":[{"name":"후","tel":null,"addr":"경기도 가평군 가평읍 마장리 800-13번지","indutype":"음료식품-기타음료식품","category":"food"}]}]