[{"lat":"37.8421097073","long":"127.5058419210","imageIndex":4,"items":[{"name":"계량촌","tel":null,"addr":"경기도 가평군 가평읍 승안리 60-3번지","indutype":"일반휴게음식-일반한식","category":"restaurant"}]},{"lat":"37.8381800917","long":"127.4973860952","imageIndex":4,"items":[{"name":"온정리금강막국숯불닭갈비","tel":null,"addr":"경기도 가평군 가평읍 승안리 70-8번지 1층","indutype":"일반휴게음식-일반한식","category":"restaurant"}]},{"lat":"37.8590260916","long":"127.4818110065","imageIndex":4,"items":[{"name":"털보네쉼터","tel":null,"addr":"경기도 가평군 가평읍 승안리 402-1번지","indutype":"일반휴게음식-일반한식","category":"restaurant"}]}]