[{"lat":"37.8793061516","long":"127.5481231897","imageIndex":16,"items":[{"name":"목동초병설유치원[아이행복]","tel":null,"addr":"경기도 가평군 북면 이곡리 13-45번지 가평농어촌현대화시범학교","indutype":"학원-유치원","category":"study"},{"name":"목동초등학교","tel":null,"addr":"경기도 가평군 북면 이곡리 13-45번지 가평농어촌현대화시범학교","indutype":"학원-초중고교육기관","category":"study"}]},{"lat":"37.8793606849","long":"127.5469974701","imageIndex":16,"items":[{"name":"북면어린이집[아이행복]","tel":null,"addr":"경기도 가평군 북면 이곡리 11-6번지","indutype":"학원-유아원","category":"study"}]}]