[{"lat":"37.7552519262","long":"127.3996802695","imageIndex":5,"items":[{"name":"베이비엔젤스파펜션","tel":null,"addr":"경기도 가평군 상면 덕현리 162-55번지 1층","indutype":"숙박업-여관/기타숙박업","category":"hotel"}]},{"lat":"37.7671203360","long":"127.3972912422","imageIndex":5,"items":[{"name":"청평 몽마르뜨펜션","tel":null,"addr":"경기도 가평군 상면 덕현리 329-2번지 1동","indutype":"숙박업-여관/기타숙박업","category":"hotel"}]},{"lat":"37.7532962102","long":"127.4111143144","imageIndex":5,"items":[{"name":"가평소나무팬션","tel":null,"addr":"경기도 가평군 상면 덕현리 20-7","indutype":"숙박업-여관/기타숙박업","category":"hotel"}]},{"lat":"37.7723994532","long":"127.3942976120","imageIndex":5,"items":[{"name":"아스테리아펜션","tel":null,"addr":"경기도 가평군 상면 덕현리 569번지 8/4","indutype":"숙박업-여관/기타숙박업","category":"hotel"}]},{"lat":"37.7664949226","long":"127.3933522841","imageIndex":5,"items":[{"name":"일곱난쟁이","tel":null,"addr":"경기도 가평군 상면 덕현리 345-4번지","indutype":"숙박업-여관/기타숙박업","category":"hotel"}]},{"lat":"37.7538027186","long":"127.4134862803","imageIndex":5,"items":[{"name":"에프더블유원알앤디 주식회사 (지점)","tel":null,"addr":"경기도 가평군 상면 덕현리 산74-12번지 청평가족호텔","indutype":"숙박업-콘도","category":"hotel"}]},{"lat":"37.7556855618","long":"127.4008603237","imageIndex":5,"items":[{"name":"해뜨락","tel":null,"addr":"경기도 가평군 상면 덕현리 162-40번지","indutype":"숙박업-여관/기타숙박업","category":"hotel"}]}]