[{"lat":"37.8273453582","long":"127.5149427430","imageIndex":13,"items":[{"name":"공주눈썹","tel":null,"addr":"경기도 가평군 가평읍 읍내리 475-13번지","indutype":"보건위생-피부미용실","category":"beauty"}]},{"lat":"37.8333757561","long":"127.5091368512","imageIndex":13,"items":[{"name":"헤어로드","tel":null,"addr":"경기도 가평군 가평읍 읍내리 615번지 1층","indutype":"보건위생-미용원","category":"beauty"}]},{"lat":"37.8277870291","long":"127.5147382919","imageIndex":13,"items":[{"name":"트윈스안경원","tel":null,"addr":"경기도 가평군 가평읍 읍내리 475-34번지 트윈스안경원","indutype":"보건위생-안경","category":"beauty"}]}]