[{"lat":"37.8266873593","long":"127.5152380530","imageIndex":4,"items":[{"name":"첼로다방","tel":null,"addr":"경기도 가평군 가평읍 읍내리 363-1번지","indutype":"일반휴게음식-서양음식","category":"restaurant"}]},{"lat":"37.8275797573","long":"127.5144882577","imageIndex":4,"items":[{"name":"륭림닭발","tel":null,"addr":"경기도 가평군 가평읍 읍내리 349-13번지 1층","indutype":"일반휴게음식-일반한식","category":"restaurant"}]},{"lat":"37.8321952580","long":"127.5055115824","imageIndex":4,"items":[{"name":"카페(Cafe) 1253","tel":null,"addr":"경기도 가평군 가평읍 읍내리 867-5번지 1층","indutype":"일반휴게음식-서양음식","category":"restaurant"}]},{"lat":"37.8295091541","long":"127.5146099969","imageIndex":4,"items":[{"name":"잣고을 꼬꼬치","tel":null,"addr":"경기도 가평군 가평읍 읍내리 403번지","indutype":"일반휴게음식-일반한식","category":"restaurant"}]},{"lat":"37.8304728611","long":"127.5154433791","imageIndex":4,"items":[{"name":"할머니손순대","tel":null,"addr":"경기도 가평군 가평읍 읍내리 411-1번지","indutype":"일반휴게음식-일반한식","category":"restaurant"}]},{"lat":"37.8283552191","long":"127.5114998263","imageIndex":4,"items":[{"name":"알콜분해소야식","tel":null,"addr":"경기도 가평군 가평읍 읍내리 329-1번지","indutype":"일반휴게음식-일반한식","category":"restaurant"}]},{"lat":"37.8304463341","long":"127.5108524169","imageIndex":4,"items":[{"name":"바이밍 (by ming)","tel":null,"addr":"경기도 가평군 가평읍 읍내리 492-21번지 1층","indutype":"일반휴게음식-서양음식","category":"restaurant"}]},{"lat":"37.8330872484","long":"127.5101936825","imageIndex":4,"items":[{"name":"엄마네집밥","tel":null,"addr":"경기도 가평군 가평읍 읍내리 616-6번지 1층","indutype":"일반휴게음식-일반한식","category":"restaurant"}]},{"lat":"37.8334298253","long":"127.5092618642","imageIndex":4,"items":[{"name":"고향닭갈비","tel":null,"addr":"경기도 가평군 가평읍 읍내리 615-9번지","indutype":"일반휴게음식-일반한식","category":"restaurant"}]},{"lat":"37.8310411545","long":"127.5113638770","imageIndex":4,"items":[{"name":"어머니손맛","tel":null,"addr":"경기도 가평군 가평읍 읍내리 495-38번지","indutype":"일반휴게음식-일반한식","category":"restaurant"}]},{"lat":"37.8308879319","long":"127.5113524897","imageIndex":4,"items":[{"name":"비비큐(bbq)올리브카페치킨","tel":null,"addr":"경기도 가평군 가평읍 읍내리 496-11번지","indutype":"일반휴게음식-일반한식","category":"restaurant"}]},{"lat":"37.8330963122","long":"127.5095913832","imageIndex":4,"items":[{"name":"옛날옛적","tel":null,"addr":"경기도 가평군 가평읍 읍내리 613-1번지","indutype":"일반휴게음식-일반한식","category":"restaurant"}]},{"lat":"37.8349079737","long":"127.5093756934","imageIndex":4,"items":[{"name":"멕시카나가평행복점","tel":null,"addr":"경기도 가평군 가평읍 읍내리 673번지 A동 1층","indutype":"일반휴게음식-스넥","category":"restaurant"}]},{"lat":"37.8375579058","long":"127.5085123006","imageIndex":4,"items":[{"name":"맛깔촌","tel":null,"addr":"경기도 가평군 가평읍 읍내리 749-5","indutype":"일반휴게음식-일반한식","category":"restaurant"}]}]