[{"lat":"37.8243708973","long":"127.5158284434","imageIndex":13,"items":[{"name":"7000헤어","tel":null,"addr":"경기도 가평군 가평읍 대곡리 169-1번지 1층","indutype":"보건위생-미용원","category":"beauty"}]},{"lat":"37.8257771656","long":"127.5141470141","imageIndex":13,"items":[{"name":"빠리안경원","tel":null,"addr":"경기도 가평군 가평읍 대곡리 239-4번지","indutype":"보건위생-안경","category":"beauty"}]},{"lat":"37.8271925276","long":"127.5114314663","imageIndex":13,"items":[{"name":"브로 (Bro)","tel":null,"addr":"경기도 가평군 가평읍 대곡리 276-7번지 1층 우측","indutype":"보건위생-미용원","category":"beauty"}]},{"lat":"37.8283552626","long":"127.5110452890","imageIndex":13,"items":[{"name":"다중지능코칭센터","tel":null,"addr":"경기도 가평군 가평읍 대곡리 282-5번지","indutype":"보건위생-기타대인서비스","category":"beauty"}]},{"lat":"37.8283462643","long":"127.5108861996","imageIndex":13,"items":[{"name":"예쁜헤어#","tel":null,"addr":"경기도 가평군 가평읍 대곡리 282-7번지 1층","indutype":"보건위생-미용원","category":"beauty"}]}]