[{"lat":"37.8127269260","long":"127.4986367069","imageIndex":0,"items":[{"name":"광수카 자동차 외장관리","tel":null,"addr":"경기도 가평군 가평읍 하색리 289-1번지 안흥진빵 1층 101호","indutype":"자동차정비 유지-카인테리어","category":"car"}]},{"lat":"37.8039025357","long":"127.4893560056","imageIndex":0,"items":[{"name":"광진종합카센타","tel":null,"addr":"경기도 가평군 가평읍 하색리 447-7","indutype":"자동차정비 유지-자동차정비","category":"car"}]}]