[{"lat":"37.8591162973","long":"127.5177002481","imageIndex":4,"items":[{"name":"장수뼈해장국","tel":null,"addr":"경기도 가평군 가평읍 마장리 375번지","indutype":"일반휴게음식-일반한식","category":"restaurant"}]},{"lat":"37.8675160459","long":"127.5205900962","imageIndex":4,"items":[{"name":"손수 쌈과 함께","tel":null,"addr":"경기도 가평군 가평읍 마장리 175번지","indutype":"일반휴게음식-일반한식","category":"restaurant"}]},{"lat":"37.8609187072","long":"127.5190648909","imageIndex":4,"items":[{"name":"찬미네해물칼국수","tel":null,"addr":"경기도 가평군 가평읍 마장리 121-1번지","indutype":"일반휴게음식-일반한식","category":"restaurant"}]}]