[{"lat":"37.8984327022","long":"127.5013649355","imageIndex":5,"items":[{"name":"늘 솔길 펜션","tel":null,"addr":"경기도 가평군 북면 제령리 647-1번지","indutype":"숙박업-여관/기타숙박업","category":"hotel"}]},{"lat":"37.8970987282","long":"127.5034122297","imageIndex":5,"items":[{"name":"아일랜드코쿤","tel":null,"addr":"경기도 가평군 북면 제령리 656번지","indutype":"숙박업-여관/기타숙박업","category":"hotel"}]},{"lat":"37.8874662132","long":"127.5394512742","imageIndex":5,"items":[{"name":"구름계곡민박","tel":null,"addr":"경기도 가평군 북면 제령리 219-4","indutype":"숙박업-여관/기타숙박업","category":"hotel"}]},{"lat":"37.8961646072","long":"127.5370332863","imageIndex":5,"items":[{"name":"놀이터가자펜션","tel":null,"addr":"경기도 가평군 북면 제령리 108-12번지 1층","indutype":"숙박업-여관/기타숙박업","category":"hotel"}]}]