[{"lat":"37.8260023616","long":"127.5152151860","imageIndex":17,"items":[{"name":"가농아그로","tel":null,"addr":"경기도 가평군 가평읍 대곡리 232-8번지 외1필지","indutype":"농업-비료,사료,종자","category":"other"}]},{"lat":"37.8245421399","long":"127.5158852943","imageIndex":17,"items":[{"name":"가평군산림조합","tel":null,"addr":"경기도 가평군 가평읍 대곡리 168-7","indutype":"유통업 비영리-기타비영리유통","category":"other"}]},{"lat":"37.8230642879","long":"127.5134079258","imageIndex":17,"items":[{"name":"사단법인 가평음악문화발전협의회","tel":null,"addr":"경기도 가평군 가평읍 대곡리 148-3번지 (가평뮤직빌리지 음악역 1939)","indutype":"문화.취미-영화관","category":"other"}]}]