[{"lat":"37.8975067634","long":"127.5743253469","imageIndex":5,"items":[{"name":"한마음펜션","tel":null,"addr":"경기도 가평군 북면 목동리 403-5","indutype":"숙박업-여관/기타숙박업","category":"hotel"}]},{"lat":"37.8937709389","long":"127.5509646011","imageIndex":5,"items":[{"name":"프랜치캣펜션","tel":null,"addr":"경기도 가평군 북면 목동리 707-45번지","indutype":"숙박업-여관/기타숙박업","category":"hotel"}]},{"lat":"37.8868313174","long":"127.5499363005","imageIndex":5,"items":[{"name":"명지산여관","tel":null,"addr":"경기도 가평군 북면 목동리 886-10","indutype":"숙박업-여관/기타숙박업","category":"hotel"}]}]